{"best_loss":1.4151854616514454,"diag/out_min":-0.8915526270866394,"_step":9166,"_timestamp":1.7594889004792864e+09,"best_mape_safe":56.458581546555685,"diag/out_mean":0.845755934715271,"val_smape":77.3921780625825,"val_loss":1.440073051160419,"diag/y_min":0.0008768471307121217,"val_mape_safe":71.02618744838632,"diag/out_max":2.3124961853027344,"diag/y_mean":4.080718040466309,"train_smape":77.06190387487541,"diag/y_max":176.8657684326172,"_runtime":405,"baseline_mape_const1_val":2025.6103515625,"epoch":76,"train_loss":1.4546402543587742,"_wandb":{"runtime":405},"learning_rate":0.0012335432542004128,"train_mape_safe":61.72172352087237}