{"_runtime":32991,"epoch":499,"diag/out_min":1.001017689704895,"best_loss":0.24354815711703812,"diag/out_max":1.001017689704895,"diag/y_mean":4.214643478393555,"diag/y_max":194.24847412109375,"_wandb":{"runtime":32991},"_step":504,"train_smape":79.08960839636643,"val_loss":0.24378187973332613,"train_loss":0.26551645803625057,"diag/y_min":0.0009999999310821295,"baseline_mape_const1_val":2025.610595703125,"val_mape_safe":55.57695562095261,"val_smape":71.9017471758724,"_timestamp":1.7577039967478013e+09,"diag/out_mean":1.001017689704895,"train_mape_safe":60.755146992856915}