{"val_mape_safe":66.39864500975155,"_timestamp":1.7594898028718681e+09,"_wandb":{"runtime":259},"_runtime":259,"_step":6191,"val_smape":76.98255029002587,"baseline_mape_const1_val":2025.6103515625,"diag/y_max":69.49148559570312,"best_loss":1.4181504096816122,"diag/out_mean":2.3398375511169434,"epoch":51,"diag/out_min":-2.9623467922210693,"val_loss":1.4579087993095234,"train_smape":77.33498341097118,"diag/out_max":5.3875861167907715,"diag/y_min":0.0005805518594570458,"learning_rate":2.0884399888576498e-05,"best_mape_safe":49.77053922217022,"diag/y_mean":3.03106951713562,"train_mape_safe":61.396265924135015,"train_loss":1.449209663391722}