{"diag/out_mean":0.9468649625778198,"val_mape_safe":63.836964262293606,"val_smape":68.8251094040935,"diag/y_min":0.0005614932742901146,"_step":79122,"train_smape":66.87405949269791,"_timestamp":1.7582150090581555e+09,"diag/y_max":43.26348876953125,"diag/out_max":1.9738497734069824,"_wandb":{"runtime":36407},"learning_rate":0.00021843901990734478,"diag/out_min":-0.08292412757873535,"train_loss":0.9784768455726766,"baseline_mape_const1_val":2025.610595703125,"epoch":499,"train_mape_safe":55.54666936564498,"diag/y_mean":2.9396579265594482,"best_loss":0.9776000305838205,"_runtime":36407,"val_loss":1.0094330911372582}