{"baseline_mape_const1_val":2025.610595703125,"train_smape":67.2067481183034,"diag/y_max":84.35028839111328,"val_mape_safe":60.12232053586281,"diag/out_max":3.1905159950256348,"learning_rate":0.0009869400455636411,"diag/y_min":0.0009999999310821295,"epoch":115,"diag/y_mean":2.999868631362915,"_step":13807,"_timestamp":1.7591808529039774e+09,"_wandb":{"runtime":8628},"diag/out_min":-2.5364248752593994,"_runtime":8628,"diag/out_mean":-0.01700129359960556,"train_mape_safe":55.87733900428922,"val_loss":0.9901449640721723,"best_loss":0.9624673182845218,"val_smape":67.76958992621952,"train_loss":0.9961589207450203}