{"train_loss":1.4261763744355593,"val_mape_safe":62.48206563367463,"train_smape":76.7712473332973,"diag/out_max":432.56878662109375,"diag/out_mean":15.356081008911133,"diag/y_mean":5.141986846923828,"diag/out_min":0.06256178021430969,"train_mape_safe":60.945581558716135,"val_loss":1.490336421373976,"epoch":64,"_runtime":347,"diag/y_min":0.0002855439961422235,"_wandb":{"runtime":347},"_step":7738,"baseline_mape_const1_val":2025.6103515625,"learning_rate":0.0008996737236174901,"val_smape":79.15228983097442,"_timestamp":1.7594075539560964e+09,"best_loss":1.3925812770706474,"diag/y_max":303.5561828613281}