{"diag/y_min":0.0004396828298922628,"_timestamp":1.7592237472731009e+09,"val_loss":1.425290175345343,"train_mape_safe":61.014978418522375,"diag/y_mean":4.235211372375488,"_runtime":226,"diag/out_min":-0.6902371048927307,"learning_rate":2.4393655042950805e-05,"train_loss":1.442043917543403,"best_loss":1.4128822245412394,"diag/y_max":118.28191375732422,"baseline_mape_const1_val":2025.6103515625,"_step":6310,"epoch":52,"diag/out_max":2.3847618103027344,"val_mape_safe":66.35460149925267,"train_smape":76.78394717573845,"diag/out_mean":0.9068818092346191,"_wandb":{"runtime":226},"val_smape":77.11253619978906}