{"_timestamp":1.759680554480505e+09,"train_mape_safe":58.453304897277036,"val_loss":2.3207771081157795,"val_smape":39.53696301687777,"_wandb":{"runtime":351},"_runtime":351,"val_mape_safe":57.0125832477004,"learning_rate":0.00044991835641672133,"epoch":67,"train_loss":2.8408884053759667,"train_smape":41.16982363356197,"_step":67}