{"_runtime":266,"_step":4,"_timestamp":1.7576684066484604e+09,"diag/out_mean":-3.58203125,"diag/y_mean":3.9543681144714355,"diag/out_min":-7.9921875,"diag/y_min":0.0009999999310821295,"baseline_mape_const1_val":3135.799560546875,"epoch":0,"diag/y_max":149.49172973632812,"diag/out_max":0.8427734375,"_wandb":{"runtime":266}}