{"_runtime":290,"diag/out_min":0.13968810439109802,"diag/out_mean":22.286834716796875,"val_mape_safe":73.93757757289058,"train_smape":74.9254684253399,"epoch":51,"val_smape":78.00433115739668,"diag/y_min":0.0009999999310821295,"diag/y_max":76.58928680419922,"learning_rate":2.0884399888576498e-05,"train_mape_safe":60.65514278609442,"val_loss":1.4845560233577206,"_step":6191,"best_loss":1.3966553584508743,"diag/out_max":504.43023681640625,"_wandb":{"runtime":290},"diag/y_mean":3.301377773284912,"_timestamp":1.759489132023645e+09,"best_mape_safe":54.18610171505768,"baseline_mape_const1_val":2025.6103515625,"train_loss":1.3403529363429085}