{"epoch":199,"_timestamp":1.7574453207616231e+09,"_step":199,"train_loss":98.02549886473314,"val_loss":98.53553607988928,"best_loss":98.53553607988928,"_wandb":{"runtime":24632},"_runtime":24632}