{"learning_rate":3.1326599832864746e-05,"diag/y_mean":3.3335483074188232,"diag/out_min":-1.8206720352172852,"diag/out_mean":1.7225751876831055,"best_loss":1.4201333274328864,"diag/out_max":3.1635828018188477,"_timestamp":1.7594888107293448e+09,"_step":6191,"diag/y_min":0.0001891198189696297,"val_smape":76.25443284625035,"epoch":51,"val_loss":1.46218471560985,"train_mape_safe":61.427205694899904,"best_mape_safe":52.189584599728235,"baseline_mape_const1_val":2025.6103515625,"train_smape":77.02379105819804,"_wandb":{"runtime":316},"diag/y_max":113.7480239868164,"val_mape_safe":63.97306165008423,"_runtime":316,"train_loss":1.4415256721088971}