{"best_loss":98.5355335815637,"epoch":499,"_timestamp":1.7575145479347928e+09,"_wandb":{"runtime":29625},"_runtime":29625,"_step":499,"train_loss":98.02529650454672,"val_loss":98.5355335815637}