{"best_loss":0.9764954644165439,"diag/y_min":0.00018215570889879018,"diag/out_max":2.4322056770324707,"baseline_mape_const1_val":2025.610595703125,"diag/out_min":0.14255636930465698,"_runtime":5281,"train_loss":0.9985030657951767,"val_smape":68.68258144642968,"diag/y_max":140.21609497070312,"diag/y_mean":3.572977066040039,"diag/out_mean":1.5964665412902832,"train_smape":67.51611757536892,"_wandb":{"runtime":5281},"val_mape_safe":63.30458797454899,"epoch":69,"val_loss":1.0144785026154792,"learning_rate":0.00039895797840335987,"train_mape_safe":55.201797309623444,"_step":8333,"_timestamp":1.7591775087275677e+09}