{"_timestamp":1.7594888214579184e+09,"diag/out_max":2.4321346282958984,"diag/y_min":0.0010000000474974513,"best_mape_safe":52.52985460672737,"train_mape_safe":61.821379185061886,"learning_rate":0.0004927588134527468,"diag/out_mean":1.2960052490234375,"_runtime":326,"val_loss":1.4431337081271847,"baseline_mape_const1_val":2025.6103515625,"epoch":57,"diag/y_max":104.36250305175781,"val_smape":76.40837470273927,"diag/out_min":0.17324048280715942,"_wandb":{"runtime":326},"_step":6905,"train_loss":1.4737996070541495,"train_smape":77.47780722967548,"val_mape_safe":63.57211627667741,"diag/y_mean":3.8639135360717773,"best_loss":1.4056025092719697}