{"baseline_mape_const1_val":2025.6103515625,"val_smape":80.9038968881965,"train_smape":76.1459833728198,"diag/y_max":97.8237075805664,"_step":12617,"train_loss":1.4057873307072006,"best_mape_safe":55.28992303788224,"best_loss":1.3913802728958724,"diag/out_mean":-8.640937805175781,"_runtime":556,"learning_rate":1.3488469766889637e-05,"train_mape_safe":61.11747505030378,"diag/out_max":1.2956753969192505,"epoch":105,"val_mape_safe":75.7492960101991,"diag/y_min":0.0005839666700921953,"val_loss":1.509119255715246,"diag/out_min":-290.072265625,"_wandb":{"runtime":556},"_timestamp":1.7594904404691997e+09,"diag/y_mean":3.140115261077881}