{"best_loss":98.53553436367402,"_wandb":{"runtime":29911},"_runtime":29911,"epoch":499,"_timestamp":1.757514855550641e+09,"_step":499,"train_loss":98.02549056228617,"val_loss":98.53553436367402}