{"baseline_mape_const1_val":3135.799560546875,"diag/y_max":197.2692108154297,"diag/out_min":1.0009765625,"_step":4,"diag/out_mean":1.0009765625,"diag/out_max":1.0009765625,"diag/y_min":0.00020861004304606467,"_timestamp":1.7576684113009791e+09,"_wandb":{"runtime":601},"_runtime":601,"epoch":0,"diag/y_mean":4.994846820831299}