{"val_loss":1.4730588335307062,"train_smape":77.65808050156934,"learning_rate":0.0009999711360248744,"val_mape_safe":66.83424431936747,"_step":6429,"_timestamp":1.7594887867245793e+09,"best_mape_safe":47.466320569048136,"val_smape":77.71484334290157,"train_mape_safe":62.43340179750684,"diag/out_min":-1.6341397762298584,"diag/out_max":5.289248466491699,"diag/y_max":98.88054656982422,"diag/y_min":0.0009999999310821295,"train_loss":1.4568250700605079,"epoch":53,"_runtime":291,"diag/y_mean":3.581470489501953,"baseline_mape_const1_val":2025.6103515625,"_wandb":{"runtime":291},"diag/out_mean":2.1847727298736572,"best_loss":1.421472346082084}