{"diag/out_mean":3.5454299449920654,"_wandb":{"runtime":332},"diag/out_max":8.818078994750977,"_timestamp":1.7592232995609498e+09,"_step":8214,"epoch":68,"diag/y_min":0.0009999999310821295,"train_mape_safe":63.03438492396821,"baseline_mape_const1_val":2025.6103515625,"diag/y_max":81.94900512695312,"diag/out_min":-4.511718273162842,"val_smape":79.95074305628003,"val_loss":1.5133886135593961,"_runtime":332,"diag/y_mean":3.577558994293213,"train_smape":78.14272432876685,"val_mape_safe":77.19732598306176,"train_loss":1.4716842683252291,"best_loss":1.412386255085678,"learning_rate":0.0008205248749256015}