{"best_loss":1.0267179274638465,"val_mape_safe":68.97508347400485,"train_loss":1.0079498658082418,"_wandb":{"runtime":9818},"_step":14997,"diag/y_mean":3.3351635932922363,"baseline_mape_const1_val":2025.610595703125,"diag/out_min":1.1778781414031982,"learning_rate":0.0018692219402260768,"epoch":125,"val_smape":68.31569934638026,"val_loss":1.0411379954062305,"_timestamp":1.7592180323258862e+09,"diag/y_min":0.00021379849931690842,"diag/out_max":4.748040676116943,"train_smape":68.22486473711523,"_runtime":9818,"diag/y_max":71.66573333740234,"diag/out_mean":3.0893661975860596,"train_mape_safe":59.24853427495622}