{"best_mape_safe":55.07559957035227,"diag/out_min":0.10405540466308594,"learning_rate":0.0004957963410754559,"_timestamp":1.7594898936908414e+09,"train_loss":1.4932509549823618,"train_smape":77.96268272225818,"diag/out_max":2.098916530609131,"_runtime":325,"diag/y_mean":3.693802833557129,"epoch":56,"val_smape":75.3497645421706,"_step":6786,"train_mape_safe":61.85423233902537,"diag/y_min":0.0006376461242325604,"best_loss":1.4137494412731852,"baseline_mape_const1_val":2025.6103515625,"_wandb":{"runtime":325},"diag/y_max":149.49172973632812,"val_mape_safe":60.771344725151046,"diag/out_mean":1.1311790943145752,"val_loss":1.4402419142159553}