{"_step":6072,"baseline_mape_const1_val":2025.6103515625,"diag/y_max":119.94779205322266,"val_smape":79.00104830278731,"val_loss":1.692468685745237,"learning_rate":7.212341943219991e-05,"_wandb":{"runtime":308},"diag/out_mean":159.48519897460938,"diag/out_max":4845.568359375,"diag/out_min":-3.0517945289611816,"train_mape_safe":57.906901595900116,"val_mape_safe":63.41611730277561,"diag/y_min":0.0003641344083007425,"best_loss":1.426213446483489,"_runtime":308,"train_loss":1.519826860625904,"train_smape":76.98894924451193,"best_mape_safe":49.238066369005644,"epoch":50,"diag/y_mean":4.143640518188477,"_timestamp":1.759490124759512e+09}