{"train_smape":76.6971091670612,"diag/out_mean":-0.16672006249427795,"diag/y_mean":4.459328651428223,"learning_rate":7.212341943219991e-05,"_wandb":{"runtime":278},"_step":6072,"best_loss":1.4111843794383672,"baseline_mape_const1_val":2025.6103515625,"train_mape_safe":61.42712005483559,"_runtime":278,"best_mape_safe":52.94902504632272,"_timestamp":1.7594898469131687e+09,"train_loss":1.4349974117926407,"diag/out_min":-1.282451868057251,"diag/y_min":0.00036076983087696135,"diag/out_max":1.0239802598953247,"val_mape_safe":68.7039107031372,"val_smape":77.25018181085844,"diag/y_max":303.5561828613281,"val_loss":1.427525938374632,"epoch":50}