{"epoch":125,"_step":14997,"_runtime":542,"_wandb":{"runtime":542},"best_loss":1.4098225995362,"train_smape":76.99328001575866,"diag/out_mean":2.034135580062866,"val_loss":1.5054146444155903,"val_smape":81.7710229978827,"diag/out_max":4.018575191497803,"diag/y_min":0.0008893108461052179,"train_mape_safe":61.49911481640385,"learning_rate":0.0014019164551695577,"diag/y_max":159.78790283203125,"diag/y_mean":3.912769317626953,"_timestamp":1.7592240613436286e+09,"val_mape_safe":79.91235953344055,"baseline_mape_const1_val":2025.6103515625,"diag/out_min":-0.33315128087997437,"train_loss":1.4427513961026348}