{"train_smape":67.39962355564019,"diag/y_mean":3.6530728340148926,"_step":9880,"diag/y_max":47.18981170654297,"val_loss":1.026735366282797,"_wandb":{"runtime":6580},"diag/out_mean":1.4184131622314453,"epoch":82,"_timestamp":1.7592147843241754e+09,"diag/out_min":-0.9111292362213135,"best_loss":0.9924273090025392,"baseline_mape_const1_val":2025.610595703125,"diag/out_max":3.269667148590088,"diag/y_min":0.0009999999310821295,"train_loss":0.9883592704211857,"_runtime":6580,"val_smape":69.13891202334551,"val_mape_safe":62.22398937231522,"train_mape_safe":55.49925337869552,"learning_rate":0.0006687808616708472}