{"epoch":119,"_wandb":{"runtime":9267},"val_smape":67.49498916390394,"val_mape_safe":65.79374513540799,"diag/out_max":1.7866935729980469,"best_loss":0.9889149622183213,"diag/y_min":0.0009113115957006812,"train_loss":1.0051335177821898,"diag/y_max":53.86845016479492,"_timestamp":1.7592174752032063e+09,"diag/y_mean":3.2492082118988037,"train_smape":67.77152447458036,"_runtime":9267,"train_mape_safe":57.575324182151235,"baseline_mape_const1_val":2025.610595703125,"_step":14283,"val_loss":1.0028395800543948,"diag/out_min":-1.0795905590057373,"learning_rate":0.0019413072342369937,"diag/out_mean":0.5764364004135132}