{"_step":9,"diag/out_mean":0.9952957630157471,"diag/y_mean":3.2633399963378906,"_timestamp":1.7575172709986358e+09,"diag/out_max":0.9952957630157471,"diag/out_min":0.9952957630157471,"epoch":4,"baseline_mape_const1_val":2025.610595703125,"train_loss":407.08721823856513,"val_loss":580.1382994472493,"_runtime":558,"diag/y_min":0.0002141287550330162,"best_loss":373.5419006813375,"diag/y_max":72.76920318603516,"_wandb":{"runtime":558}}