{"diag/out_min":0.28424036502838135,"train_mape_safe":60.94303535598592,"val_mape_safe":66.85348968360407,"train_smape":77.29974280470225,"epoch":65,"diag/y_mean":3.9223451614379883,"diag/y_min":0.0009999999310821295,"diag/out_mean":1.6249127388000488,"diag/y_max":175.79942321777344,"val_loss":1.4382531785644412,"val_smape":76.17222087301022,"_runtime":392,"_step":7857,"diag/out_max":2.6052627563476562,"_timestamp":1.7594899609137573e+09,"learning_rate":0.0013225745709343848,"best_mape_safe":57.7062166492549,"_wandb":{"runtime":392},"best_loss":1.4187335796882499,"baseline_mape_const1_val":2025.6103515625,"train_loss":1.4579485912028614}