{"baseline_mape_const1_val":2025.6103515625,"learning_rate":0.0004312477373307928,"val_loss":1.4808468713166751,"_timestamp":1.7592238312345147e+09,"diag/out_min":0.3794283866882324,"best_loss":1.4156968266603558,"val_mape_safe":71.49986956820663,"train_smape":77.35549572557936,"diag/out_mean":1.221073865890503,"diag/y_min":0.0009246041299775243,"_runtime":339,"diag/out_max":2.0067858695983887,"epoch":66,"diag/y_max":592.310546875,"train_loss":1.4543629740434953,"train_mape_safe":61.55539389349966,"_step":7976,"diag/y_mean":5.024075508117676,"_wandb":{"runtime":339},"val_smape":77.40001415267956}