{"best_loss":0.23484251546746981,"diag/out_min":-2.155421495437622,"_step":504,"baseline_mape_const1_val":2025.610595703125,"diag/out_mean":0.18294915556907654,"train_smape":76.11631201037139,"train_loss":0.24177388442376682,"diag/out_max":2.710393190383911,"_runtime":37440,"diag/y_max":126.52352142333984,"diag/y_mean":3.7235660552978516,"val_loss":0.23888767663351326,"train_mape_safe":63.085814560791974,"_wandb":{"runtime":37440},"diag/y_min":0.00012422341387718916,"epoch":499,"_timestamp":1.7577084457036288e+09,"val_mape_safe":64.21642009755026,"val_smape":73.75466930134314}