{"best_loss":98.5396443809088,"_step":9,"val_loss":98.5396443809088,"diag/out_mean":-0.269135981798172,"diag/y_max":173.45387268066406,"baseline_mape_const1_val":2025.610595703125,"train_loss":108.24038315913498,"diag/out_max":2.309401750564575,"epoch":4,"_wandb":{"runtime":554},"_runtime":554,"diag/y_min":0.0001891198189696297,"diag/y_mean":3.3500094413757324,"diag/out_min":-2.7838573455810547,"_timestamp":1.7575172672733667e+09}