{"best_loss":147.26465243359124,"_wandb":{"runtime":948},"_runtime":948,"epoch":1,"_timestamp":1.7573934948056452e+09,"_step":1,"train_loss":242.2675158059831,"val_loss":147.26465243359124}