{"diag/y_min":0.0006457294803112745,"best_loss":1.3852853912265368,"train_mape_safe":57.40702554101567,"diag/out_max":4890.37451171875,"val_loss":1.9532717196524376,"baseline_mape_const1_val":2025.6103515625,"diag/y_mean":3.846200942993164,"_wandb":{"runtime":473},"_timestamp":1.7592239993401096e+09,"val_mape_safe":62.55704109985148,"learning_rate":2.4393655042950805e-05,"train_loss":1.4864179620318732,"val_smape":76.25608560269796,"diag/out_min":-0.8341360688209534,"diag/y_max":112.40863037109375,"_runtime":473,"epoch":52,"diag/out_mean":197.5706787109375,"_step":6310,"train_smape":76.68970340355102}