{"_timestamp":1.7596819102539532e+09,"val_smape":39.912414438314705,"val_loss":2.318158393126253,"val_mape_safe":70.20047370176653,"epoch":106,"_wandb":{"runtime":546},"_runtime":546,"_step":106,"train_smape":40.328061064143014,"train_mape_safe":59.70564458714365,"learning_rate":0.0008181985622025993,"train_loss":2.65826134527118}